{
    "title" : {
        "fr" : "Bleu",
        "en" : "Blue"
    },
    "author" : {
        "name" : "Margot Hincker",
        "email" : "margot.hincker@gmail.com"
    },
    "variables" : [
        {
            "type" : "color",
            "label" : {
                "fr" : "Couleur primaire",
                "en" : "Primary color"
            },
            "name" : "primary-color",
            "value" : "#1A89A0"
        },
        {
            "type" : "color",
            "label" : {
                "fr" : "Couleur secondaire 1",
                "en" : "Secondary color 1"
            },
            "name" : "secondary-color-1",
            "value" : "#d8604c"
        },
        {
            "type" : "color",
            "label" : {
                "fr" : "Couleur secondaire 2",
                "en" : "Secondary color 2"
            },
            "name" : "secondary-color-2",
            "value" : "#D78958"
        },
        {
            "type" : "color",
            "label" : {
                "fr" : "Couleur du texte",
                "en" : "Text Color"
            },
            "name" : "neutral-color",
            "value" : "#4E5056"
        },
        {
            "type" : "color",
            "label" : {
                "fr" : "Couleur bordures",
                "en" : "Border color"
            },
            "name" : "neutral-soft-color",
            "value" : "#b0b1b3"
        },
        {
            "type" : "color",
            "label" : {
                "fr" : "Couleur de fond",
                "en" : "Background color"
            },
            "name" : "neutral-light-color",
            "value" : "#ffffff"
        },
        {
            "type" : "range(1-40)(px)",
            "label" : {
                "fr" : "Taille de la police",
                "en" : "Font size"
            },
            "name" : "main-text-fontsize",
            "value" : "17px"
        },
        {
            "type" : "font",
            "label" : {
                "fr" : "Police principale",
                "en" : "Main font"
            },
            "name" : "main-text-fontfamily",
            "value" : "'Nunito', sans-serif"
        }
    ]
}
